{
  "integrations": [
    {
      "id": "b2900cd8-6950-4e94-a336-452c61ae9b35",
      "name": "Primary Inbound Web Service",
      "action": "CREATE_EVENT",
      "type": "INBOUND_WEBHOOK",
      "deployed": true,
      "form": "060be365-fd63-4fe7-b58d-f1efbf411a10",
      "script": "var request = JXON.parse(request.body);\r\nvar xml = request['env:envelope']['env:body'].emevent;\r\n\r\n// // Only send alerts Monday through Friday from 7:00 AM - 7:00 PM\r\nvar moment = require('moment');\r\nrequire('moment-timezone');\r\nvar time = moment().tz(\"America/New_York\").format('HH:mm');\r\nvar day = moment().tz(\"America/New_York\").isoWeekday();\r\n\r\nvar obj = xml.systemattributes;\r\nvar json = {};\r\njson.properties = {};\r\nvar dateTime = day < '6' && time >= moment(\"0700\", \"hmm\").format(\"HH:mm\") && time <= moment(\"2359\", \"hmm\").format(\"HH:mm\");\r\n\r\n// Pass all system attributes    \r\nfor (var prop in obj) {\r\n  json.properties[prop] = obj[prop].keyValue;\r\n}\r\n\r\n// Not submitting on clear\r\n//  if (json.properties.severity == \"Clear\") {\r\n//  return;\r\n// } \r\n\r\n//json.properties.notificationrulename = xml.notificationrulename.keyValue;\r\n\r\njson.properties.occurreddate = xml.systemattributes.reporteddate.keyvalue;\r\n//json.properties.occurreddate = xml.systemattributes.reporteddate.keyvalue.tz(\"America/New_York\").format('MMMM Do YYYY, h:mm:ss a');\r\njson.properties.targetName = xml.systemattributes.sourceinfo.targetinfo.targetname.keyValue;\r\n//json.properties.targetTypeLabel = xml.systemattributes.sourceinfo.targetinfo.targettypelabel.keyValue;\r\n\r\n\r\n//if ((dateTime) || (!dateTime && json.properties.environment == \"Production\")) {\r\n\r\n  json.properties.xm_event_dateTime = moment().tz(\"America/New_York\").format('YYYY-MM-DDTHH:mm:ss.SSS-0500');\r\n  json.properties.xm_event_dateTime_Format = moment().tz(\"America/New_York\").format('MMMM Do YYYY, h:mm:ss a');\r\n  console.log(json.properties.xm_event_dateTime_Format);\r\n\r\n  \r\n  var targetProperties = xml.systemattributes.sourceinfo.targetinfo.targetproperty;\r\n\r\n  targetProperties.forEach(function(obj) {\r\n\r\n    var targetPropertyName = obj.name.keyValue;\r\n    var targetPropertyValue = obj.value.keyValue;\r\n\r\n    if (targetPropertyName.toLowerCase() === \"line of business\") {\r\n      json.properties.system = targetPropertyValue;\r\n    } \r\n\r\n    if (targetPropertyName.toLowerCase() === \"contact\") {\r\n      json.properties.contact = targetPropertyValue;\r\n    }\r\n\r\n    if (targetPropertyName.toLowerCase() === \"lifecycle status\") {\r\n      json.properties.environment = targetPropertyValue;\r\n    }\r\n\r\n  });\r\n\r\njson.properties.notificationrulename = json.properties.severity+' : '+ json.properties.targetName +' : '+ json.properties.message;\r\njson.properties.alert_key = json.properties.targetName;\r\njson.properties.alert_title = json.properties.message;\r\njson.properties.alert_value = 'N/A';\r\n\r\n/* For APP Alerts\r\n json.properties.alert_value_url = 'https://jira.era.nih.gov/browse/' + json.properties.alert_key; */\r\n\r\njson.properties.alert_value_url = 'N/A';\r\njson.properties.path = 'N/A';\r\njson.properties.hostname =json.properties.targetName;\r\n\r\n  \r\n  var eventclassspecificattributes = xml.eventclassspecificattributes.stringattribute;\r\n\r\n  eventclassspecificattributes.forEach(function(obj) {\r\n\r\n    var eventclassspecificattributesName = obj.name.keyValue;\r\n    var eventclassspecificattributesValue = obj.value.keyValue;\r\n\r\n    if (eventclassspecificattributesName.toLowerCase() === \"value\") {\r\n      json.properties.alert_value = eventclassspecificattributesValue;\r\n    }\r\n  });\r\n\r\n  // Handle Recipient Logic\r\n  json.recipients = [];\r\n  var target;\r\n\r\n  json.recipients.push({\r\n    \"targetName\": \"DBA_OnCall\"\r\n  });\r\n\r\n  json.properties.target = \"DBA_OnCall\";\r\n\r\n  console.log(JSON.stringify(json));\r\n\r\n  form.post(json);\r\n\r\n//}",
      "environment": "HOSTED"
    }
  ],
  "endpoints": [],
  "constants": [
    {
      "name": "Stakeholder Notification Form",
      "value": "/api/integration/1/functions/6a3c0a84-09e3-4359-9eb5-ac3d9a7b280b/triggers?apiKey=61c5909c-9c64-49b3-b5c9-51f6e4eaa8a2",
      "description": ""
    },
    {
      "name": "Transfer Cloud Control Event",
      "value": "/api/integration/1/functions/0eea4bbf-c9b9-400e-911e-c2e145c8f73f/triggers?apiKey=f6e8189f-6896-4b43-99fc-f6cec66f0500",
      "description": ""
    }
  ]
}